att:1, rep:0, spawn:1
lat,                lon
52.137415759090707, 11.643447147040202

