att:2, rep:0, spawn:2
lat,                lon
52.139515759090707, 11.643447147040202
52.139015759090707, 11.643447147040202

