att:1, rep:3, spawn:2
lat,                lon
52.135915759090707, 11.643447147040202
52.137415759090707, 11.643447147040202

