att:5, rep:5, spawn:10
lat,                lon
52.137884393171291, 11.644784673725722
52.137899318732792, 11.644365760605226
52.137994705165966, 11.644159617986594
52.138116542931705, 11.644915960431799
52.137420087549486, 11.644563517153697
52.138002388780180, 11.644784141879523
52.137897580728257, 11.644618775596410
52.138465309002960, 11.644850140606204
52.137868226318432, 11.644622260946852
52.137835364751524, 11.644879397318617
