att:8, rep:2, spawn:10
lat,                lon
52.137264463878473, 11.644745936612026
52.137257553801788, 11.644716667242594
52.137282050814207, 11.644819297808764
52.138056790693454, 11.644800106263254
52.137626208401301, 11.644428106484586
52.137604739185875, 11.644355813439374
52.137906500262609, 11.644792312037925
52.137994163012493, 11.645061461603422
52.138295784412925, 11.644748938182145
52.138197687892877, 11.645350473283393
