att:1, rep:11, spawn:10
lat,                lon
52.137415759090707, 11.643447147040202
52.138326279999895, 11.644242018155150
52.137946288998023, 11.644147081928931
52.137884142803500, 11.643859372707622
52.137547345452781, 11.644667389232659
52.138732339188451, 11.645028670796814
52.137794995342084, 11.644460396761714
52.138180200414162, 11.644418499340418
52.138170692484046, 11.644909694697951
52.137839493652784, 11.644224748858326
