att:1, rep:11, spawn:5
lat,                lon
52.137415759090707, 11.643447147040202
52.138326279999895, 11.644242018155150
52.137946288998023, 11.644147081928931
52.137884142803500, 11.643859372707622
52.137547345452781, 11.644667389232659

