att:1, rep:1, spawn:10
lat, 	   lon
52.138135, 11.645659
52.138143, 11.645793
52.138132, 11.645952
52.138001, 11.645997
52.137876, 11.645958
52.137849, 11.645816
52.137837, 11.645652
52.137915, 11.645539
52.138043, 11.645513
52.137981, 11.645746