att:0, rep:0, spawn:2
lat,                lon
52.140015759090707, 11.643447147040202, spawn
52.138515759090707, 11.643447147040202, spawn

